{
    "concept": {
        "categories": {
            "name": "Critérios",
            "pairs": [
                [1, 2, 4, 7, 4, 0.5],
                [0.5, 1, 3, 6, 3, 0.25],
                [0.25, 0.333, 1, 3, 0.5, 0.167],
                [0.143, 0.167, 0.333, 1, 0.25, 0.143],
                [0.25, 0.333, 2, 4, 1, 0.167],
                [2, 4, 6, 7, 6, 1]
            ],
            "categories": [
                {
                    "name": "Operacao",
                    "pairs": [
                        [1, 1, 5],
                        [1, 1, 5],
                        [0.2, 0.2, 1]
                    ],
                    "categories": [
                        {
                            "name": "Capacidade",
                            "pairs": [
                                [1, 1, 0.5, 0.25, 0.5],
                                [1, 1, 0.5, 0.25, 0.5],
                                [2, 2, 1, 0.333, 1],
                                [4, 4, 3, 1, 3],
                                [2, 2, 1, 0.333, 1]
                            ]
                        },
                        {
                            "name": "Dimensao",
                            "pairs": [
                                [1, 0.5, 0.25, 2, 0.5],
                                [2, 1, 0.333, 3, 1],
                                [4, 3, 1, 5, 4],
                                [0.5, 0.333, 0.2, 1, 0.333],
                                [2, 1, 0.25, 3, 1]
                            ]
                        },
                        {
                            "name": "Manobrabilidade",
                            "pairs": [
                                [1, 0.25, 0.2, 0.25, 0.5],
                                [4, 1, 0.5, 2, 3],
                                [5, 2, 1, 3, 4],
                                [4, 0.5, 0.333, 1, 3],
                                [2, 0.333, 0.25, 0.333, 1]
                            ]
                        }
                    ]
                },
               {
                    "name": "PowerPlant",
                    "pairs": [
                        [1, 8],
                        [0.125, 1]
                    ],
                    "categories": [
                        {
                            "name": "V cruzeiro",
                            "pairs": [
                                [1, 7, 0.5, 2, 2],
                                [0.143, 1, 0.125, 0.167, 0.167],
                                [2, 8, 1, 3, 3],
                                [0.5, 6, 0.333, 1, 1],
                                [0.5, 6, 0.333, 1, 1]
                            ]
                        },
                        {
                            "name": "V LTO",
                            "pairs": [
                                [1, 0.5, 0.125, 0.25, 0.333],
                                [2, 1, 0.143, 0.25, 0.5],
                                [8, 7, 1, 4, 5],
                                [4, 4, 0.25, 1, 2],
                                [3, 2, 0.2, 0.5, 1]
                            ]
                        }
                    ]
                },
                {
                    "name": "Poluicao sonora",
                    "pairs": [
                        [1, 0.333, 0.25, 0.25, 1],
                        [3, 1, 0.5, 0.5, 3],
                        [4, 2, 1, 1, 4],
                        [4, 2, 1, 1, 4],
                        [1, 0.333, 0.25, 0.25, 1]
                    ]
                },
                {
                    "name": "Custos",
                    "pairs": [
                        [1, 0.25, 0.5, 2, 0.333],
                        [4, 1, 3, 5, 2],
                        [2, 0.333, 1, 4, 0.5],
                        [0.5, 0.2, 0.25, 1, 0.167],
                        [3, 0.5, 2, 6, 1]
                    ]
                },
                {
                    "name": "Alcance",
                    "pairs": [
                        [1, 3, 6, 5, 9],
                        [0.333, 1, 3, 4, 7],
                        [0.167, 0.333, 1, 0.25, 5],
                        [0.2, 0.25, 4, 1, 5],
                        [0.111, 0.143, 0.2, 0.2, 1]
                    ]
                },
                {
                    "name": "Seguranca",
                    "pairs": [
                        [1, 0.25, 2, 0.5, 0.333],
                        [4, 1, 5, 3, 2],
                        [0.5, 0.2, 1, 0.333, 0.25],
                        [2, 0.333, 3, 1, 0.5],
                        [3, 0.5, 4, 2, 1]
                    ]
                }
            ]
        },
        "designs": [
            {
                "name": "Design 1"
            },
            {
                "name": "Design 2"
            },
            {
                "name": "Design 3"
            },
            {
                "name": "Design 4"
            },
            {
                "name": "Design 5"
            }
        ]
    },
    "mission": {
        "segments": [
            {
                "name": "A",
                "type": "taxi",
                "energy_network": "Electric Energy Network @ forward flight",
                "time": 120.0,
                "altitude": 0.0
            },
            {
                "name": "B",
                "type": "vertical_climb",
                "energy_network": "Electric Energy Network @ vertical flight",
                "velocity": 6.0,
                "altitude": [0.0, 150.0]
            },
            {
                "name": "C",
                "type": "hover",
                "energy_network": "Electric Energy Network @ vertical flight",
                "altitude": 150.0,
                "time": 10.0
            },
            {
                "name": "D",
                "type": "transition",
                "energy_network": "Electric Energy Network @ vertical flight",
                "altitude": 150.0,
                "transition_angle": 40.0,
                "time": 120.0,
                "velocity": [0.0, 80.0]
            },
            {
                "name": "E",
                "type": "climb",
                "energy_network": "Fuel Energy Network @ climb",
                "velocity": 80.0,
                "altitude": [150.0, 1500.0],
                "angle": 7.2
            },
            {
                "name": "F",
                "type": "cruise",
                "energy_network": "Fuel Energy Network @ cruise",
                "velocity": 80.0,
                "range": 230000.0,
                "altitude": 1500.0
            },
            {
                "name": "G",
                "type": "descent",
                "energy_network": "Fuel Energy Network @ idle",
                "velocity": -50.0,
                "altitude": [1500.0, 150.0],
                "angle": -5.0
            },
            {
                "name": "H",
                "type": "vertical_descent",
                "energy_network": "Electric Energy Network @ vertical flight",
                "velocity": -6.0,
                "altitude": [150.0, 0.0]
            }
        ]
    },
    "vehicle": {
        "components": [
            {
                "name": "Crew",
                "type": "mass.point",
                "mass": 240
            },
            {
                "name": "Passengers",
                "type": "mass.point",
                "mass": 100
            },
            {
                "name": "Avionics",
                "type": "mass.point",
                "mass": 15
            },
            {
                "name": "Payload Bay",
                "type": "mass.point",
                "mass": 186
            },
            {
                "name": "Fuselage",
                "type": "fuselage",
                "interf_factor": 1.5,
                "diameter": 2.0,
                "length": 8.1,
                "mass": 617
            },
            {
            "name": "Main Wing",
                "type": "wing.main",
                "interf_factor": 1.0,
                "aspect_ratio": 7.92,
                "mean_chord": 1.565,
                "oswald_efficiency": 0.85,
                "airfoil": {
                    "type": "naca0012",
                    "tc_max": 0.1342,
                    "xc_max": 0.3333,
                    "lift_slope_coefficient": 6.2,
                    "cl_max": 1.694075
                },
                "sweep_le": 3.78,
                "sweep_c4": 0.254,
                "sweep_tc_max": -4.702,
                "mass": 200
            },
            {
                "name": "Horizontal Tail",
                "type": "wing.htail",
                "interf_factor": 1.0,
                "aspect_ratio": 5.81395,
                "mean_chord": 1.05,
                "oswald_efficiency": 0.85,
                "airfoil": {
                    "type": "naca0012",
                    "tc_max": 0.12,
                    "xc_max": 0.3,
                    "lift_slope_coefficient": 6.2,
                    "cl_max": 1.850866
                },
                "sweep_le": 4.46,
                "sweep_c4": 1.60386,
                "sweep_tc_max": 1.0312,
                "mass": 20
            },
            {
                "name": "Vertical Tail",
                "type": "wing.vtail",
                "interf_factor": 1.0,
                "aspect_ratio": 1.16736,
                "mean_chord": 1.050,
                "oswald_efficiency": 0.85,
                "airfoil": {
                    "type": "naca0012",
                    "tc_max": 0.12,
                    "xc_max": 0.3,
                    "lift_slope_coefficient": 6.2,
                    "cl_max": 1.850866
                },
                "sweep_le": 4.46,
                "sweep_c4": 1.60386,
                "sweep_tc_max": 1.0312,
                "mass": 20
            },
            {
                "name": "Turboprop",
                "type": "engine.prop",
                "efficiency": 0.8,
                "mass": 200,
                "max_power": 700000
            },
            {
                "name": "Battery",
                "type": "energy.electric",
                "specific_energy": 1188000,
                "efficiency": 0.96,
                "reserve": 0.2,
                "mass": 0 
            },
            {
                "name": "Fuel Tank",
                "type": "energy.fuel",
                "reserve": 0.06,
                "mass": 0 
            },
            {
                "name": "Rotor",
                "type": "driver.rotor.main",
                "number": 4,
                "number_blades": 3,
                "radius": 1,
                "rotor_solidity": 0.34,
                "induced_power_factor": 1.15,
                "base_drag_coefficient": 0.0051,
                "tip_velocity": 133.795,
                "efficiency": 0.8,
                "mass": 35
            },
            {
                "name": "Propeller",
                "type": "driver.rotor",
                "number": 1,
                "number_blades": 3,
                "radius": 1,
                "tip_velocity": 133.795,
                "efficiency": 0.80,
                "mass": 35
            },
            {
                "name": "Gearbox_turboprop",
                "type": "gearbox",
                "efficiency": 0.95,
                "mass": 0
            },
            {
                "name": "Gearbox_eletric",
                "type": "gearbox",
                "efficiency": 0.95,
                "mass": 0
            },
            {
                "name": "Electric Motor",
                "type": "engine.prop",
                "number": 4,
                "efficiency": 0.97,
                "mass": 45,
                "max_power": 300000
            }
        ]
    },
    "energy" : {
        "networks": [
            {
                "name": "Fuel Energy Network @ climb",
                "layout": [
                    {
                        "name": "Fuel Tank"
                    },
                    {
                        "name": "Turboprop",
                        "brake_specific_fuel_consumption": 7.91e-8
                    },
                    {
                        "name": "Gearbox_turboprop"
                    },
                    {
                        "name": "Propeller"
                    }
                ]
            },
            {
                "name": "Fuel Energy Network @ cruise",
                "layout": [
                    {
                        "name": "Fuel Tank"
                    },
                    {
                        "name": "Turboprop",
                        "brake_specific_fuel_consumption": 8.01e-8
                    },
                    {
                        "name": "Gearbox_turboprop"
                    },
                    {
                        "name": "Propeller"
                    }
                ]
            },
            {
                "name": "Fuel Energy Network @ idle",
                "layout": [
                    {
                        "name": "Fuel Tank"
                    },
                    {
                        "name": "Turboprop",
                        "brake_specific_fuel_consumption": 3.3e-7
                    },
                    {
                        "name": "Gearbox_turboprop"
                    },
                    {
                        "name": "Propeller"
                    }
                ]
            },
            {
                "name": "Electric Energy Network @ forward flight",
                "layout": [
                    {
                        "name": "Battery"
                    },
                    {
                        "name": "Electric Motor"
                    },
                    {
                        "name": "Gearbox_eletric"
                    },
                    {
                        "name": "Rotor"
                    }
                ]
            },
            {
                "name": "Electric Energy Network @ vertical flight",
                "layout": [
                    {
                        "name": "Battery"
                    },
                    {
                        "name": "Electric Motor"
                    },
                    {
                        "name": "Gearbox_eletric"
                    },
                    {
                        "name": "Rotor"
                    }
                ]
            }
        ]
    }
}
