{
    "concept": {
        "categories": {
            "name": "New Concept",
            "pairs": [
                [1, 0.14286],
                [7,       1]
            ],
            "categories": [
                {
                    "name": "Number of Passengers",
                    "pairs": [
                        [      1, 0.11111,       9],
                        [      9,       1, 0.11111],
                        [0.11111,       9,       1]
                    ]
                },
                {
                    "name": "Powerplant",
                    "pairs": [
                        [1, 0.125],
                        [8,     1]
                    ],
                    "categories": [
                        {
                            "name": "Max Power Installed",
                            "pairs": [
                                [      1, 0.14286, 9],
                                [      7,       1, 9],
                                [0.11111, 0.11111, 1]
                            ]
                        },
                        {
                            "name": "Pollutant Emissions",
                            "pairs": [
                                [   1, 4, 0.11111],
                                [0.25, 1, 0.11111],
                                [   9, 9,       1]
                            ]
                        }
                    ]
                }
            ]
        },
        "designs": [
            {
                "name": "Helicopter"
            },
            {
                "name": "Aircraft"
            },
            {
                "name": "Paper Plane"
            }
        ]
    },
    "mission": {
        "segments": [
            {
                "name": "A",
                "type": "taxi",
                "energy_network": "Electric Energy Network @ forward flight",
                "time": 120.0,
                "altitude": 0.0
            },
            {
                "name": "B",
                "type": "vertical_climb",
                "energy_network": "Electric Energy Network @ vertical flight",
                "velocity": 8.0,
                "altitude": [0.0, 500.0]
            },
            {
                "name": "C",
                "type": "hover",
                "energy_network": "Electric Energy Network @ vertical flight",
                "altitude": 500.0,
                "time": 10.0
            },
            {
                "name": "D",
                "type": "transition",
                "energy_network": "Electric Energy Network @ vertical flight",
                "altitude": 500.0,
                "transition_angle": 40.0,
                "time": 120.0,
                "velocity": [0.0, 40.0]
            },
            {
                "name": "E",
                "type": "climb",
                "energy_network": "Fuel Energy Network @ climb",
                "velocity": 40.0,
                "altitude": [500.0, 2500.0],
                "angle": 7.2
            },
            {
                "name": "F",
                "type": "cruise",
                "energy_network": "Fuel Energy Network @ cruise",
                "velocity": 60.0,
                "range": 80000.0,
                "altitude": 2500.0
            },
            {
                "name": "G",
                "type": "descent",
                "energy_network": "Electric Energy Network @ forward flight",
                "velocity": -40.0,
                "altitude": [2500.0, 1000.0],
                "angle": -5.0
            },
            {
                "name": "H",
                "type": "load_step",
                "mass": -100.0,
                "time": 0.0,
                "altitude": 1000.0
            },
            {
                "name": "I",
                "type": "hold",
                "energy_network": "Fuel Energy Network @ hold",
                "velocity": 40.0,
                "time": 300.0,
                "altitude": 1000.0
            },
            {
                "name": "J",
                "type": "load_step",
                "mass": 100.0,
                "time": 0.0,
                "altitude": 1000.0
            },
            {
                "name": "K",
                "type": "climb",
                "energy_network": "Fuel Energy Network @ climb",
                "velocity": 40.0,
                "altitude": [1000.0, 2500.0],
                "angle": 7.2
            },
            {
                "name": "L",
                "type": "cruise",
                "energy_network": "Fuel Energy Network @ cruise",
                "velocity": 80.0,
                "range": 80000.0,
                "altitude": 2500.0
            },
            {
                "name": "M",
                "type": "descent",
                "energy_network": "Fuel Energy Network @ idle",
                "velocity": -6.0,
                "altitude": [2500.0, 400.0],
                "angle": -5.0
            },
            {
                "name": "N",
                "type": "vertical_descent",
                "energy_network": "Electric Energy Network @ vertical flight",
                "velocity": -6.0,
                "altitude": [400.0, 0.0]
            },
            {
                "name": "O",
                "type": "landing",
                "energy_network": "Fuel Energy Network @ idle",
                "time": 120.0,
                "altitude": 0.0
            }
        ]
    },
    "vehicle": {
        "components": [
            {
                "name": "Crew",
                "type": "mass.point",
                "mass": 200
            },
            {
                "name": "Passengers",
                "type": "mass.point",
                "mass": 500
            },
            {
                "name": "Avionics",
                "type": "mass.point",
                "mass": 5
            },
            {
                "name": "Payload Bay",
                "type": "mass.point",
                "mass": 10
            },
            {
                "name": "Fuselage",
                "type": "fuselage",
                "interf_factor": 1.0,
                "diameter": 1.0,
                "length": 4.0,
                "mass": 800
            },
            {
                "name": "Main Wing",
                "type": "wing.main",
                "interf_factor": 1.0,
                "aspect_ratio": 7.0,
                "mean_chord": 3.0,
                "oswald_efficiency": 0.85,
                "airfoil": {
                    "type": "naca0012",
                    "tc_max": 0.15,
                    "xc_max": 0.3,
                    "lift_slope_coefficient": 6.2,
                    "cl_max": 2.0
                },
                "sweep_le": 10.0,
                "sweep_c4": 15.0,
                "sweep_tc_max": 20.0,
                "mass": 200
            },
            {
                "name": "Horizontal Tail",
                "type": "wing.htail",
                "interf_factor": 1.0,
                "aspect_ratio": 5.0,
                "mean_chord": 0.5,
                "oswald_efficiency": 0.85,
                "airfoil": {
                    "type": "naca0012",
                    "tc_max": 0.15,
                    "xc_max": 0.3,
                    "lift_slope_coefficient": 6.2,
                    "cl_max": 2.0
                },
                "sweep_le": 10.0,
                "sweep_c4": 15.0,
                "sweep_tc_max": 20.0,
                "mass": 50
            },
            {
                "name": "Vertical Tail",
                "type": "wing.vtail",
                "interf_factor": 1.0,
                "aspect_ratio": 5.0,
                "mean_chord": 1.0,
                "oswald_efficiency": 0.85,
                "airfoil": {
                    "type": "naca0012",
                    "tc_max": 0.15,
                    "xc_max": 0.3,
                    "lift_slope_coefficient": 6.2,
                    "cl_max": 2.0
                },
                "sweep_le": 10.0,
                "sweep_c4": 15.0,
                "sweep_tc_max": 20.0,
                "mass": 50
            },
            {
                "name": "Turboshaft",
                "type": "engine.prop",
                "efficiency": 0.8,
                "mass": 100,
                "max_power": 210000
            },
            {
                "name": "4-stroke Piston Engine",
                "type": "engine.prop",
                "efficiency": 0.8,
                "mass": 100,
                "max_power": 200000
            },
            {
                "name": "Jet Engine",
                "type": "engine.jet",
                "mass": 200,
                "max_power": 120000
            },
            {
                "name": "Battery",
                "type": "energy.electric",
                "specific_energy": 360000.0,
                "efficiency": 0.9,
                "reserve": 0.2,
                "mass": 0
            },
            {
                "name": "Fuel Tank",
                "type": "energy.fuel",
                "reserve": 0.06,
                "mass": 0
            },
            {
                "name": "Rotor",
                "type": "driver.rotor.main",
                "number": 2,
                "number_blades": 5,
                "radius": 2,
                "rotor_solidity": 0.08,
                "induced_power_factor": 1.15,
                "base_drag_coefficient": 0.02,
                "tip_velocity": 240.1,
                "efficiency": 0.6,
                "mass": 20
            },
            {
                "name": "Propeller",
                "type": "driver.rotor",
                "number": 2,
                "number_blades": 4,
                "radius": 2.3,
                "tip_velocity": 240.1,
                "efficiency": 0.6,
                "mass": 10
            },
            {
                "name": "Gearbox",
                "type": "gearbox",
                "efficiency": 0.95,
                "mass": 5
            },
            {
                "name": "Generator",
                "type": "generator",
                "efficiency": 0.96,
                "mass": 50
            },
            {
                "name": "Electric Motor",
                "type": "engine.prop",
                "number": 3,
                "efficiency": 0.97,
                "mass": 50,
                "max_power": 200000
            }
        ]
    },
    "energy" : {
        "networks": [
            {
                "name": "Fuel Energy Network @ climb",
                "layout": [
                    {
                        "name": "Fuel Tank"
                    },
                    {
                        "name": "4-stroke Piston Engine",
                        "brake_specific_fuel_consumption": 4.25e-5
                    },
                    {
                        "name": "Gearbox"
                    },
                    {
                        "name": "Propeller"
                    }
                ]
            },
            {
                "name": "Fuel Energy Network @ cruise",
                "layout": [
                    {
                        "name": "Fuel Tank"
                    },
                    {
                        "name": "Jet Engine",
                        "specific_fuel_consumption": 3.4e-5
                    }
                ]
            },
            {
                "name": "Fuel Energy Network @ hold",
                "layout": [
                    {
                        "name": "Fuel Tank"
                    },
                    {
                        "name": "4-stroke Piston Engine",
                        "brake_specific_fuel_consumption": 2.55e-5
                    },
                    {
                        "name": "Gearbox"
                    },
                    {
                        "name": "Propeller"
                    }
                ]
            },
            {
                "name": "Fuel Energy Network @ idle",
                "layout": [
                    {
                        "name": "Fuel Tank"
                    },
                    {
                        "name": "4-stroke Piston Engine",
                        "brake_specific_fuel_consumption": 4.25e-6
                    },
                    {
                        "name": "Gearbox"
                    },
                    {
                        "name": "Propeller"
                    }
                ]
            },
            {
                "name": "Electric Energy Network @ forward flight",
                "layout": [
                    {
                        "name": "Battery"
                    },
                    {
                        "name": "Electric Motor"
                    },
                    {
                        "name": "Propeller"
                    }
                ]
            },
            {
                "name": "Electric Energy Network @ vertical flight",
                "layout": [
                    {
                        "name": "Battery"
                    },
                    {
                        "name": "Electric Motor"
                    },
                    {
                        "name": "Rotor"
                    }
                ]
            },
            {
                "name": "Hybrid Energy Network",
                "layout": [
                    {
                        "name": "Fuel Tank"
                    },
                    {
                        "name": "Turboshaft"
                    },
                    {
                        "name": "Gearbox"
                    },
                    {
                        "name": "Generator"
                    },
                    {
                        "name": "Electric Motor"
                    },
                    {
                        "name": "Propeller"
                    }
                ]
            }
        ]
    }
}
